key,place,geonames_url,gnd_url,lat,lon,source
https://d-nb.info/gnd/2027976-0,Aachen,,https://d-nb.info/gnd/2027976-0,50.776388,6.083333,gnd
https://www.geonames.org/2959927,Aalen,https://www.geonames.org/2959927,,48.83777,10.0933,geonames
https://d-nb.info/gnd/2003554-8,Aarau,,https://d-nb.info/gnd/2003554-8,47.3925,8.044166,gnd
https://d-nb.info/gnd/4079604-8,Abdera,,https://d-nb.info/gnd/4079604-8,,,none
https://www.geonames.org/2958024,Altdorf b. Nürnberg,https://www.geonames.org/2958024,https://d-nb.info/gnd/4001388-1,49.3856,11.3573,geonames
https://www.geonames.org/2957773,Altenburg (Thüringen),https://www.geonames.org/2957773,,50.98763,12.43684,bestand
name:Altenburg (Thüringen),Altenburg (Thüringen),https://www.geonames.org/2957773,,50.98763,12.43684,bestand
https://d-nb.info/gnd/4249382-1,Altenkirchen (Landkreis Vorpommern-Rügen),,https://d-nb.info/gnd/4249382-1,54.63624,13.34332,bestand
name:Altenkirchen (Landkreis Vorpommern-Rügen),Altenkirchen (Landkreis Vorpommern-Rügen),,https://d-nb.info/gnd/4249382-1,54.63624,13.34332,bestand
https://www.geonames.org/2911296,Altona,https://www.geonames.org/2911296,,53.55,9.93333,bestand
name:Altona,Altona,https://www.geonames.org/2911296,,53.55,9.93333,bestand
https://www.geonames.org/2759794,Amsterdam,https://www.geonames.org/2759794,,52.37403,4.88969,bestand
name:Amsterdam,Amsterdam,https://www.geonames.org/2759794,,52.37403,4.88969,bestand
https://d-nb.info/gnd/7675696-8,Andreasberg (Bestwig),,https://d-nb.info/gnd/7675696-8,51.323529,8.43012,gnd
https://www.geonames.org/3097993,Anhalt (Hołdunów),https://www.geonames.org/3097993,,50.14475,19.14396,bestand
name:Anhalt (Hołdunów),Anhalt (Hołdunów),https://www.geonames.org/3097993,,50.14475,19.14396,bestand
https://d-nb.info/gnd/4002170-1,Ansbach,,https://d-nb.info/gnd/4002170-1,49.304722,10.593055,bestand
name:Ansbach,Ansbach,,https://d-nb.info/gnd/4002170-1,49.304722,10.593055,bestand
https://d-nb.info/gnd/4544765-2,Antiparos,,https://d-nb.info/gnd/4544765-2,,,none
https://d-nb.info/gnd/4002364-3,Antwerpen,,https://d-nb.info/gnd/4002364-3,51.219889,4.403459,gnd
https://d-nb.info/gnd/4079822-7,Argos,,https://d-nb.info/gnd/4079822-7,37.63333,22.733329,gnd
https://d-nb.info/gnd/4002980-3,Arnheim,,https://d-nb.info/gnd/4002980-3,51.979999,5.911109,gnd
https://www.geonames.org/2955471,Arnsberg,https://www.geonames.org/2955471,,51.38333,8.08333,bestand
name:Arnsberg,Arnsberg,https://www.geonames.org/2955471,,51.38333,8.08333,bestand
https://d-nb.info/gnd/4003011-8,Arnstadt,,https://d-nb.info/gnd/4003011-8,50.840479,10.95198,bestand
name:Arnstadt,Arnstadt,,https://d-nb.info/gnd/4003011-8,50.840479,10.95198,bestand
https://www.geonames.org/2955394,Artern,https://www.geonames.org/2955394,https://d-nb.info/gnd/4300124-5,51.36431,11.29167,geonames
https://d-nb.info/gnd/2005201-7,Aschersleben,,https://d-nb.info/gnd/2005201-7,51.75742,11.460839,gnd
https://d-nb.info/gnd/4003366-1,Athen,,https://d-nb.info/gnd/4003366-1,37.979449,23.716219,gnd
https://d-nb.info/gnd/4003455-0,Attika,,https://d-nb.info/gnd/4003455-0,,,none
https://d-nb.info/gnd/4079866-5,Auerstedt,,https://d-nb.info/gnd/4079866-5,51.099722,11.589166,bestand
name:Auerstedt,Auerstedt,,https://d-nb.info/gnd/4079866-5,51.099722,11.589166,bestand
https://www.geonames.org/2624439,Augustenborg,https://www.geonames.org/2624439,,54.95201,9.87216,bestand
name:Augustenborg,Augustenborg,https://www.geonames.org/2624439,,54.95201,9.87216,bestand
https://d-nb.info/gnd/4258494-2,Baarn,,https://d-nb.info/gnd/4258494-2,52.211669,5.287499,gnd
https://d-nb.info/gnd/4004101-3,Babylon,,https://d-nb.info/gnd/4004101-3,,,none
https://d-nb.info/gnd/4003019-2,Bad Arolsen,,https://d-nb.info/gnd/4003019-2,51.379722,9.014444,bestand
name:Bad Arolsen,Bad Arolsen,,https://d-nb.info/gnd/4003019-2,51.379722,9.014444,bestand
https://d-nb.info/gnd/4005532-2,Bad Bentheim,,https://d-nb.info/gnd/4005532-2,52.30078,7.160309,gnd
https://www.geonames.org/2953540,Bad Bocklet,https://www.geonames.org/2953540,,50.26648,10.07902,bestand
name:Bad Bocklet,Bad Bocklet,https://www.geonames.org/2953540,,50.26648,10.07902,bestand
https://d-nb.info/gnd/4008413-9,Bad Brückenau,,https://d-nb.info/gnd/4008413-9,50.308529,9.789849,gnd
https://d-nb.info/gnd/4009347-5,Bad Camberg,,https://d-nb.info/gnd/4009347-5,50.29695,8.268959,gnd
https://www.geonames.org/3087934,Bad Dirsdorf,https://www.geonames.org/3087934,,50.68555,16.82366,geonames
https://d-nb.info/gnd/4012564-6,Bad Doberan,,https://d-nb.info/gnd/4012564-6,54.10712,11.90051,gnd
https://d-nb.info/gnd/4013012-5,Bad Driburg,,https://d-nb.info/gnd/4013012-5,51.73297,9.01969,gnd
https://www.geonames.org/2953521,Bad Dürrenberg,https://www.geonames.org/2953521,,51.29545,12.06583,bestand
name:Bad Dürrenberg,Bad Dürrenberg,https://www.geonames.org/2953521,,51.29545,12.06583,bestand
https://d-nb.info/gnd/4014614-5,Bad Ems,,https://d-nb.info/gnd/4014614-5,50.335277,7.713611,gnd
https://d-nb.info/gnd/4019218-0,Bad Gandersheim,,https://d-nb.info/gnd/4019218-0,51.87167,10.02537,gnd
https://d-nb.info/gnd/7636945-6,Bad Grund - Eisdorf,,https://d-nb.info/gnd/7636945-6,51.761388,10.175833,gnd
https://d-nb.info/gnd/4030875-3,Bad Kissingen,,https://d-nb.info/gnd/4030875-3,50.20228,10.07784,gnd
https://www.geonames.org/2953418,Bad Kösen,https://www.geonames.org/2953418,,51.13431,11.72203,bestand
name:Bad Kösen,Bad Kösen,https://www.geonames.org/2953418,,51.13431,11.72203,bestand
https://www.geonames.org/2953412,Bad Lauchstädt,https://www.geonames.org/2953412,,51.38652,11.86956,bestand
name:Bad Lauchstädt,Bad Lauchstädt,https://www.geonames.org/2953412,,51.38652,11.86956,bestand
https://d-nb.info/gnd/4035648-6,Bad Liebenstein,,https://d-nb.info/gnd/4035648-6,50.815555,10.351111,gnd
https://www.geonames.org/2953397,Bad Muskau,https://www.geonames.org/2953397,,51.55051,14.7124,bestand
name:Bad Muskau,Bad Muskau,https://www.geonames.org/2953397,,51.55051,14.7124,bestand
https://d-nb.info/gnd/4102446-1,Bad Nenndorf,,https://d-nb.info/gnd/4102446-1,52.336944,9.378888,gnd
https://d-nb.info/gnd/4047920-1,Bad Pyrmont,,https://d-nb.info/gnd/4047920-1,51.9859,9.252459,gnd
https://d-nb.info/gnd/4053707-9,Bad Schwalbach,,https://d-nb.info/gnd/4053707-9,50.141944,8.069722,gnd
https://www.geonames.org/3101367,Bad Warmbrunn,https://www.geonames.org/3101367,,50.86545,15.68367,geonames
https://d-nb.info/gnd/4004169-4,Baden-Baden,,https://d-nb.info/gnd/4004169-4,48.760555,8.239722,bestand
name:Baden-Baden,Baden-Baden,,https://d-nb.info/gnd/4004169-4,48.760555,8.239722,bestand
https://www.geonames.org/2952984,Bamberg,https://www.geonames.org/2952984,,49.89873,10.90067,bestand
name:Bamberg,Bamberg,https://www.geonames.org/2952984,,49.89873,10.90067,bestand
https://d-nb.info/gnd/2005687-4,Basel,,https://d-nb.info/gnd/2005687-4,47.549999,7.58333,gnd
https://www.geonames.org/2952206,Battgendorf (Kölleda),https://www.geonames.org/2952206,,51.2049,11.25974,bestand
name:Battgendorf (Kölleda),Battgendorf (Kölleda),https://www.geonames.org/2952206,,51.2049,11.25974,bestand
https://d-nb.info/gnd/4004968-1,Bautzen,,https://d-nb.info/gnd/4004968-1,51.180349,14.434939,gnd
https://d-nb.info/gnd/2005439-7,Bayreuth,,https://d-nb.info/gnd/2005439-7,49.947777,11.578888,gnd
https://www.geonames.org/2950159,Berlin,https://www.geonames.org/2950159,,52.52437,13.41053,bestand
name:Berlin,Berlin,https://www.geonames.org/2950159,,52.52437,13.41053,bestand
https://www.geonames.org/2661552,Bern,https://www.geonames.org/2661552,,46.94809,7.44744,bestand
name:Bern,Bern,https://www.geonames.org/2661552,,46.94809,7.44744,bestand
https://d-nb.info/gnd/1057946052,Berndorf (Groitzsch),,https://d-nb.info/gnd/1057946052,,,none
https://d-nb.info/gnd/4005972-8,Besançon,,https://d-nb.info/gnd/4005972-8,47.248611,6.018055,gnd
https://www.geonames.org/2948267,Bischofswerda,https://www.geonames.org/2948267,https://d-nb.info/gnd/4283939-7,51.12771,14.17974,geonames
name:Blasdorf,Blasdorf,,,,,none
https://d-nb.info/gnd/4253437-9,Bloemendaal,,https://d-nb.info/gnd/4253437-9,,,none
https://d-nb.info/gnd/1001766-5,Bologna,,https://d-nb.info/gnd/1001766-5,44.493888,11.338888,gnd
https://d-nb.info/gnd/1001909-1,Bonn,,https://d-nb.info/gnd/1001909-1,50.734166,7.095277,gnd
https://d-nb.info/gnd/2005784-2,Bordeaux,,https://d-nb.info/gnd/2005784-2,44.84044,-0.5805,gnd
https://d-nb.info/gnd/4007879-6,Bovenden,,https://d-nb.info/gnd/4007879-6,51.591799,9.929959,gnd
https://d-nb.info/gnd/1085175103,Brabant,,https://d-nb.info/gnd/1085175103,,,none
https://d-nb.info/gnd/4007956-9,Brandenburg an der Havel,,https://d-nb.info/gnd/4007956-9,52.416666,12.55,gnd
https://www.geonames.org/2945024,Braunschweig,https://www.geonames.org/2945024,,52.26594,10.52673,bestand
name:Braunschweig,Braunschweig,https://www.geonames.org/2945024,,52.26594,10.52673,bestand
https://d-nb.info/gnd/4234258-2,Breda,,https://d-nb.info/gnd/4234258-2,51.586559,4.77596,gnd
https://www.geonames.org/2944388,Bremen,https://www.geonames.org/2944388,,53.07582,8.80717,bestand
name:Bremen,Bremen,https://www.geonames.org/2944388,,53.07582,8.80717,bestand
https://www.geonames.org/3081368,Breslau,https://www.geonames.org/3081368,,51.1,17.03333,bestand
name:Breslau,Breslau,https://www.geonames.org/3081368,,51.1,17.03333,bestand
https://www.geonames.org/3102459,Brieg,https://www.geonames.org/3102459,,50.86079,17.4674,geonames
name:Brunstein/Brunnstein (?),Brunstein/Brunnstein (?),,,,,none
https://d-nb.info/gnd/4364958-0,Brüggen (Kr. Hildesheim),,https://d-nb.info/gnd/4364958-0,52.049999,9.783329,gnd
https://d-nb.info/gnd/2047399-0,Brünn,,https://d-nb.info/gnd/2047399-0,49.195219,16.607959,gnd
https://d-nb.info/gnd/1051036402,Burg Königstein (Königstein im Taunus),,https://d-nb.info/gnd/1051036402,50.1825059,8.4609769,bestand
name:Burg Königstein (Königstein im Taunus),Burg Königstein (Königstein im Taunus),,https://d-nb.info/gnd/1051036402,50.1825059,8.4609769,bestand
https://d-nb.info/gnd/4473029-9,Burgau (Jena),,https://d-nb.info/gnd/4473029-9,50.896666,11.591944,gnd
https://www.geonames.org/2941122,Burgstall,https://www.geonames.org/2941122,,49.35321,10.14354,bestand
name:Burgstall,Burgstall,https://www.geonames.org/2941122,,49.35321,10.14354,bestand
https://www.geonames.org/3207081,Burgöner (Hettstedt),https://www.geonames.org/3207081,,51.61667,11.51667,bestand
name:Burgöner (Hettstedt),Burgöner (Hettstedt),https://www.geonames.org/3207081,,51.61667,11.51667,bestand
https://d-nb.info/gnd/4095192-3,Burgörner (Hettstedt),,https://d-nb.info/gnd/4095192-3,51.6503,11.511459,gnd
https://d-nb.info/gnd/4307550-2,Bílina (Bilin),,https://d-nb.info/gnd/4307550-2,50.54854,13.775349,gnd
https://www.geonames.org/8533439,Bôle,https://www.geonames.org/8533439,,46.96603,6.84198,bestand
name:Bôle,Bôle,https://www.geonames.org/8533439,,46.96603,6.84198,bestand
https://d-nb.info/gnd/4008715-3,Bückeburg,,https://d-nb.info/gnd/4008715-3,52.260649,9.04939,gnd
https://www.geonames.org/2940377,Camburg,https://www.geonames.org/2940377,,51.05524,11.70967,bestand
name:Camburg,Camburg,https://www.geonames.org/2940377,,51.05524,11.70967,bestand
https://d-nb.info/gnd/4009657-9,Celle,,https://d-nb.info/gnd/4009657-9,52.622639,10.08047,gnd
https://www.geonames.org/2940187,Charlottenburg (Berlin),https://www.geonames.org/2940187,https://d-nb.info/gnd/4065382-1,52.51667,13.28333,geonames
https://d-nb.info/gnd/4029702-0,Chemnitz,,https://d-nb.info/gnd/4029702-0,50.833329,12.916669,gnd
https://d-nb.info/gnd/4070033-1,Clausthal,,https://d-nb.info/gnd/4070033-1,51.799999,10.33333,gnd
https://d-nb.info/gnd/4010325-0,Coburg,,https://d-nb.info/gnd/4010325-0,50.259166,10.963611,bestand
name:Coburg,Coburg,,https://d-nb.info/gnd/4010325-0,50.259166,10.963611,bestand
https://www.geonames.org/2661086,Couvet,https://www.geonames.org/2661086,,46.92525,6.6327,geonames
https://www.geonames.org/3099434,Danzig,https://www.geonames.org/3099434,,54.35227,18.64912,bestand
name:Danzig,Danzig,https://www.geonames.org/3099434,,54.35227,18.64912,bestand
https://d-nb.info/gnd/4011077-1,Darmstadt,,https://d-nb.info/gnd/4011077-1,49.870559,8.64944,gnd
https://d-nb.info/gnd/4011390-5,Delphi,,https://d-nb.info/gnd/4011390-5,38.47995,22.493359,gnd
https://d-nb.info/gnd/1075468639,Demeterheiligtum (Eleusis),,https://d-nb.info/gnd/1075468639,,,none
https://d-nb.info/gnd/4011446-6,Den Haag,,https://d-nb.info/gnd/4011446-6,52.07667,4.29861,gnd
https://d-nb.info/gnd/4090681-4,Den Helder,,https://d-nb.info/gnd/4090681-4,52.959879,4.75933,gnd
https://www.geonames.org/2938136,Derenburg,https://www.geonames.org/2938136,,51.87086,10.91029,geonames
https://www.geonames.org/2937959,Dessau,https://www.geonames.org/2937959,,51.83864,12.24555,bestand
name:Dessau,Dessau,https://www.geonames.org/2937959,,51.83864,12.24555,bestand
https://d-nb.info/gnd/1075225221,Dieskau,,https://d-nb.info/gnd/1075225221,51.435277,12.040277,gnd
https://d-nb.info/gnd/4230922-0,Dingelstädt,,https://d-nb.info/gnd/4230922-0,51.315277,10.317222,gnd
https://www.geonames.org/2936744,Dittersbach,https://www.geonames.org/2936744,,51.0401,13.98302,bestand
name:Dittersbach,Dittersbach,https://www.geonames.org/2936744,,51.0401,13.98302,bestand
https://www.geonames.org/2935741,Dornburg/Saale,https://www.geonames.org/2935741,,51.00736,11.6633,bestand
name:Dornburg/Saale,Dornburg/Saale,https://www.geonames.org/2935741,,51.00736,11.6633,bestand
https://d-nb.info/gnd/501107-3,Dorpat,,https://d-nb.info/gnd/501107-3,58.38062,26.72509,gnd
https://d-nb.info/gnd/4803589-0,Drackendorf,,https://d-nb.info/gnd/4803589-0,50.888089,11.631429,gnd
https://d-nb.info/gnd/4012993-7,Drenthe,,https://d-nb.info/gnd/4012993-7,52.833329,6.58333,gnd
https://www.geonames.org/2935022,Dresden,https://www.geonames.org/2935022,,51.05089,13.73832,bestand
name:Dresden,Dresden,https://www.geonames.org/2935022,,51.05089,13.73832,bestand
https://d-nb.info/gnd/4426393-4,Dresden-Neustadt,,https://d-nb.info/gnd/4426393-4,51.058055,13.741666,gnd
https://www.geonames.org/3089832,Drossen,https://www.geonames.org/3089832,,52.4536,14.87549,bestand
name:Drossen,Drossen,https://www.geonames.org/3089832,,52.4536,14.87549,bestand
https://d-nb.info/gnd/5107779-6,Dyrotz,,https://d-nb.info/gnd/5107779-6,,,none
https://d-nb.info/gnd/7519789-3,Döhren (Hannover),,https://d-nb.info/gnd/7519789-3,52.337777,9.7625,gnd
https://d-nb.info/gnd/4013217-1,Dünkirchen,,https://d-nb.info/gnd/4013217-1,51.049999,2.36667,gnd
https://d-nb.info/gnd/2029588-1,Düsseldorf,,https://d-nb.info/gnd/2029588-1,51.221719,6.77616,gnd
https://d-nb.info/gnd/4013597-4,Eger,,https://d-nb.info/gnd/4013597-4,50.07963,12.37392,gnd
https://d-nb.info/gnd/4309348-6,Eglisau,,https://d-nb.info/gnd/4309348-6,47.573333,8.526111,gnd
https://d-nb.info/gnd/4013821-5,Einbeck,,https://d-nb.info/gnd/4013821-5,51.82018,9.869609,gnd
https://d-nb.info/gnd/2009365-2,Eisenach,,https://d-nb.info/gnd/2009365-2,50.980699,10.31522,bestand
name:Eisenach,Eisenach,,https://d-nb.info/gnd/2009365-2,50.980699,10.31522,bestand
https://www.geonames.org/7284571,Eisleben,https://www.geonames.org/7284571,https://d-nb.info/gnd/4092450-6,51.52754,11.54835,geonames
https://d-nb.info/gnd/4070734-9,Elberfeld,,https://d-nb.info/gnd/4070734-9,51.25627,7.148159,gnd
https://d-nb.info/gnd/4014177-9,Elbing,,https://d-nb.info/gnd/4014177-9,54.1522,19.40884,gnd
https://d-nb.info/gnd/2088764-4,Elbingerode (Harz),,https://d-nb.info/gnd/2088764-4,51.770277,10.805555,gnd
https://www.geonames.org/2930672,Elstra,https://www.geonames.org/2930672,,51.22172,14.13201,bestand
name:Elstra,Elstra,https://www.geonames.org/2930672,,51.22172,14.13201,bestand
https://d-nb.info/gnd/4014539-6,Elze,,https://d-nb.info/gnd/4014539-6,52.1225,9.735833,gnd
https://d-nb.info/gnd/4014596-7,Emmerthal (Ohsen),,https://d-nb.info/gnd/4014596-7,,,none
https://d-nb.info/gnd/4091801-4,Engern,,https://d-nb.info/gnd/4091801-4,52.19382,9.110239,gnd
https://d-nb.info/gnd/4014832-4,Ensisheim,,https://d-nb.info/gnd/4014832-4,47.86695,7.35212,gnd
https://www.geonames.org/2929670,Erfurt,https://www.geonames.org/2929670,,50.9787,11.03283,bestand
name:Erfurt,Erfurt,https://www.geonames.org/2929670,,50.9787,11.03283,bestand
https://www.geonames.org/2929567,Erlangen,https://www.geonames.org/2929567,,49.59099,11.00783,bestand
name:Erlangen,Erlangen,https://www.geonames.org/2929567,,49.59099,11.00783,bestand
https://d-nb.info/gnd/4350289-1,Ettersburg,,https://d-nb.info/gnd/4350289-1,51.049999,11.283329,gnd
https://www.geonames.org/2928381,Eutin,https://www.geonames.org/2928381,,54.14054,10.60751,bestand
name:Eutin,Eutin,https://www.geonames.org/2928381,,54.14054,10.60751,bestand
https://d-nb.info/gnd/4086472-8,Fehrbellin,,https://d-nb.info/gnd/4086472-8,52.813499,12.7644,gnd
https://d-nb.info/gnd/10121950-7,Fehrbellin-Lentzke,,https://d-nb.info/gnd/10121950-7,52.8003496,12.7053613,bestand
name:Fehrbellin-Lentzke,Fehrbellin-Lentzke,,https://d-nb.info/gnd/10121950-7,52.8003496,12.7053613,bestand
https://d-nb.info/gnd/4016680-6,Feldkirch,,https://d-nb.info/gnd/4016680-6,47.23306,9.599999,gnd
https://www.geonames.org/3096799,Finckenstein,https://www.geonames.org/3096799,,53.76921,19.37439,bestand
name:Finckenstein,Finckenstein,https://www.geonames.org/3096799,,53.76921,19.37439,bestand
https://www.geonames.org/2926670,Finsterwalde,https://www.geonames.org/2926670,,51.63388,13.70662,bestand
name:Finsterwalde,Finsterwalde,https://www.geonames.org/2926670,,51.63388,13.70662,bestand
https://d-nb.info/gnd/4236833-9,Flaach,,https://d-nb.info/gnd/4236833-9,47.584722,8.605277,gnd
https://d-nb.info/gnd/4017581-9,Florenz,,https://d-nb.info/gnd/4017581-9,43.766669,11.25,gnd
https://d-nb.info/gnd/4018114-5,Frankenthal (Pfalz),,https://d-nb.info/gnd/4018114-5,49.533888,8.353333,gnd
https://www.geonames.org/2925535,Frankfurt (Oder),https://www.geonames.org/2925535,,52.34714,14.55062,bestand
name:Frankfurt (Oder),Frankfurt (Oder),https://www.geonames.org/2925535,,52.34714,14.55062,bestand
https://www.geonames.org/2925533,Frankfurt am Main,https://www.geonames.org/2925533,,50.11552,8.68417,bestand
name:Frankfurt am Main,Frankfurt am Main,https://www.geonames.org/2925533,,50.11552,8.68417,bestand
https://d-nb.info/gnd/4583114-2,Frauenberg,,https://d-nb.info/gnd/4583114-2,49.66667,7.28333,gnd
https://d-nb.info/gnd/4018220-4,Frauenfeld,,https://d-nb.info/gnd/4018220-4,47.558055,8.898333,gnd
https://www.geonames.org/2925192,Freiberg,https://www.geonames.org/2925192,,50.91089,13.33881,bestand
name:Freiberg,Freiberg,https://www.geonames.org/2925192,,50.91089,13.33881,bestand
https://d-nb.info/gnd/4662794-7,Freiburg in Schlesien,,https://d-nb.info/gnd/4662794-7,50.85976,16.328199,gnd
https://d-nb.info/gnd/2062466-9,"Fürstenberg, Weser",,https://d-nb.info/gnd/2062466-9,51.733333,9.4,gnd
https://d-nb.info/gnd/4506799-5,Genemuiden,,https://d-nb.info/gnd/4506799-5,,,none
https://d-nb.info/gnd/4020137-5,Genf,,https://d-nb.info/gnd/4020137-5,46.202222,6.145555,gnd
https://d-nb.info/gnd/4020185-5,Genua,,https://d-nb.info/gnd/4020185-5,44.40632,8.933859,gnd
https://d-nb.info/gnd/4092821-4,Georgenthal/Thür. Wald,,https://d-nb.info/gnd/4092821-4,50.832059,10.66266,gnd
https://www.geonames.org/2921232,Gera,https://www.geonames.org/2921232,https://d-nb.info/gnd/4020295-1,50.88029,12.08187,geonames
https://www.geonames.org/2920649,Giebichenstein,https://www.geonames.org/2920649,,51.50047,11.96067,bestand
name:Giebichenstein,Giebichenstein,https://www.geonames.org/2920649,,51.50047,11.96067,bestand
https://d-nb.info/gnd/4203899-6,Gieboldehausen,,https://d-nb.info/gnd/4203899-6,51.609619,10.216189,gnd
https://d-nb.info/gnd/7739055-6,Gielsdorf (Altlandsberg),,https://d-nb.info/gnd/7739055-6,52.60701,13.870409,gnd
https://www.geonames.org/2920512,Gießen,https://www.geonames.org/2920512,,50.58727,8.67554,bestand
name:Gießen,Gießen,https://www.geonames.org/2920512,,50.58727,8.67554,bestand
https://d-nb.info/gnd/4093577-2,Glatz,,https://d-nb.info/gnd/4093577-2,50.434879,16.661449,gnd
https://www.geonames.org/3089025,Gnadenfrei,https://www.geonames.org/3089025,,50.68357,16.74359,bestand
name:Gnadenfrei,Gnadenfrei,https://www.geonames.org/3089025,,50.68357,16.74359,bestand
https://d-nb.info/gnd/4021402-3,Goch,,https://d-nb.info/gnd/4021402-3,51.67873,6.158949,gnd
https://d-nb.info/gnd/4021643-3,Goslar,,https://d-nb.info/gnd/4021643-3,51.904249,10.427659,bestand
name:Goslar,Goslar,,https://d-nb.info/gnd/4021643-3,51.904249,10.427659,bestand
https://www.geonames.org/2918752,Gotha,https://www.geonames.org/2918752,,50.94823,10.70193,bestand
name:Gotha,Gotha,https://www.geonames.org/2918752,,50.94823,10.70193,bestand
https://d-nb.info/gnd/4021815-6,Granada,,https://d-nb.info/gnd/4021815-6,37.188169,-3.606669,gnd
https://d-nb.info/gnd/4022085-0,Grimma,,https://d-nb.info/gnd/4022085-0,51.233669,12.71959,gnd
https://d-nb.info/gnd/4094052-4,Groningen,,https://d-nb.info/gnd/4094052-4,53.219169,6.56667,gnd
https://www.geonames.org/3088813,Groß-Plehnendorf,https://www.geonames.org/3088813,,54.34486,18.78456,geonames
https://www.geonames.org/2915124,Großröhrsdorf,https://www.geonames.org/2915124,,51.14528,14.01917,geonames
https://d-nb.info/gnd/4022283-4,Grünberg (Landkreis Gießen),,https://d-nb.info/gnd/4022283-4,50.593888,8.958611,gnd
https://www.geonames.org/2914145,Grüningen (Greußen),https://www.geonames.org/2914145,https://d-nb.info/gnd/1153848295,51.22957,10.97163,geonames
https://d-nb.info/gnd/4305120-0,Guntersblum,,https://d-nb.info/gnd/4305120-0,49.797499,8.34556,gnd
https://www.geonames.org/2918987,Görlitz,https://www.geonames.org/2918987,,51.15518,14.98853,bestand
name:Görlitz,Görlitz,https://www.geonames.org/2918987,,51.15518,14.98853,bestand
https://www.geonames.org/2918632,Göttingen,https://www.geonames.org/2918632,,51.53443,9.93228,bestand
name:Göttingen,Göttingen,https://www.geonames.org/2918632,,51.53443,9.93228,bestand
https://www.geonames.org/2911665,Halberstadt,https://www.geonames.org/2911665,,51.89562,11.05622,bestand
name:Halberstadt,Halberstadt,https://www.geonames.org/2911665,,51.89562,11.05622,bestand
https://www.geonames.org/2911522,Halle (Saale),https://www.geonames.org/2911522,,51.48158,11.97947,bestand
name:Halle (Saale),Halle (Saale),https://www.geonames.org/2911522,,51.48158,11.97947,bestand
https://www.geonames.org/2911298,Hamburg,https://www.geonames.org/2911298,,53.55073,9.99302,bestand
name:Hamburg,Hamburg,https://www.geonames.org/2911298,,53.55073,9.99302,bestand
https://d-nb.info/gnd/7571874-1,Hamstede/Haamstede,,https://d-nb.info/gnd/7571874-1,51.6974872,3.7433719,bestand
name:Hamstede/Haamstede,Hamstede/Haamstede,,https://d-nb.info/gnd/7571874-1,51.6974872,3.7433719,bestand
https://d-nb.info/gnd/4023201-3,Hanau,,https://d-nb.info/gnd/4023201-3,50.13423,8.91418,gnd
https://www.geonames.org/2910831,Hannover,https://www.geonames.org/2910831,,52.37052,9.73322,bestand
name:Hannover,Hannover,https://www.geonames.org/2910831,,52.37052,9.73322,bestand
https://d-nb.info/gnd/4094705-1,Hannover-Bothfeld,,https://d-nb.info/gnd/4094705-1,,,none
https://d-nb.info/gnd/2079136-7,Hannover-Marienwerder,,https://d-nb.info/gnd/2079136-7,,,none
https://www.geonames.org/2910685,"Harburg, Elbe",https://www.geonames.org/2910685,,53.46057,9.98388,bestand
"name:Harburg, Elbe","Harburg, Elbe",https://www.geonames.org/2910685,,53.46057,9.98388,bestand
https://d-nb.info/gnd/4329620-8,Hardegsen,,https://d-nb.info/gnd/4329620-8,51.65227,9.8305,gnd
https://d-nb.info/gnd/4023996-2,Heidelberg,,https://d-nb.info/gnd/4023996-2,49.407679,8.690789,bestand
name:Heidelberg,Heidelberg,,https://d-nb.info/gnd/4023996-2,49.407679,8.690789,bestand
https://d-nb.info/gnd/4024344-8,Helmstedt,,https://d-nb.info/gnd/4024344-8,52.227899,11.00985,gnd
https://d-nb.info/gnd/4516902-0,Henneberg,,https://d-nb.info/gnd/4516902-0,50.5,10.349999,gnd
https://www.geonames.org/507673,Hermsdorf,https://www.geonames.org/507673,,54.43328,20.17492,bestand
name:Hermsdorf,Hermsdorf,https://www.geonames.org/507673,,54.43328,20.17492,bestand
https://d-nb.info/gnd/4072455-4,Herrenhausen (Hannover),,https://d-nb.info/gnd/4072455-4,52.391666,9.696944,gnd
https://www.geonames.org/2905643,Herrnhut,https://www.geonames.org/2905643,,51.01624,14.74381,geonames
https://d-nb.info/gnd/4024881-1,Hildesheim,,https://d-nb.info/gnd/4024881-1,52.150555,9.951111,gnd
https://d-nb.info/gnd/4025049-0,Hirschberg im Riesengebirge,,https://d-nb.info/gnd/4025049-0,50.899722,15.728888,gnd
name:Hochkirch,Hochkirch,,,,,none
https://d-nb.info/gnd/4025495-1,Hofgeismar,,https://d-nb.info/gnd/4025495-1,51.49607,9.384999,gnd
https://www.geonames.org/2901874,Hohenbruch,https://www.geonames.org/2901874,,52.80028,13.13102,geonames
https://d-nb.info/gnd/7536603-4,Holle-Söder,,https://d-nb.info/gnd/7536603-4,52.056409,10.09092,gnd
https://d-nb.info/gnd/4094988-6,Hoya,,https://d-nb.info/gnd/4094988-6,52.80781,9.14028,gnd
https://d-nb.info/gnd/4026542-0,Ilfeld,,https://d-nb.info/gnd/4026542-0,51.583329,10.783329,gnd
https://d-nb.info/gnd/4095929-6,Ilsenburg (Harz),,https://d-nb.info/gnd/4095929-6,51.866944,10.678055,gnd
https://d-nb.info/gnd/4412548-3,Jedburgh (Großbritannien),,https://d-nb.info/gnd/4412548-3,55.48,-2.551944,gnd
https://d-nb.info/gnd/4028557-1,Jena,,https://d-nb.info/gnd/4028557-1,50.92878,11.5899,gnd
https://www.geonames.org/2856837,Jena,https://www.geonames.org/2856837,,51.01815,11.42746,bestand
https://www.geonames.org/2895044,Jena,https://www.geonames.org/2895044,,50.92878,11.5899,bestand
https://d-nb.info/gnd/7570850-4,Jena-Ziegenhain,,https://d-nb.info/gnd/7570850-4,50.919722,11.625,gnd
https://d-nb.info/gnd/4028579-0,Jericho,,https://d-nb.info/gnd/4028579-0,,,none
https://d-nb.info/gnd/4028586-8,Jerusalem,,https://d-nb.info/gnd/4028586-8,31.76904,35.216329,gnd
https://d-nb.info/gnd/4028835-3,Jülich,,https://d-nb.info/gnd/4028835-3,50.922699,6.36395,gnd
https://d-nb.info/gnd/4440371-9,Kamieniec Zabkowicki,,https://d-nb.info/gnd/4440371-9,50.52541,16.87921,gnd
https://www.geonames.org/3073803,Karlsbad (Karlovy Vary),https://www.geonames.org/3073803,,50.23271,12.87117,bestand
name:Karlsbad (Karlovy Vary),Karlsbad (Karlovy Vary),https://www.geonames.org/3073803,,50.23271,12.87117,bestand
https://d-nb.info/gnd/4029869-3,Kassel,,https://d-nb.info/gnd/4029869-3,51.316666,9.5,bestand
name:Kassel,Kassel,,https://d-nb.info/gnd/4029869-3,51.316666,9.5,bestand
https://d-nb.info/gnd/4030035-3,Katlenburg-Lindau,,https://d-nb.info/gnd/4030035-3,51.683329,10.099999,gnd
https://www.geonames.org/2891122,Kiel,https://www.geonames.org/2891122,,54.32133,10.13489,bestand
name:Kiel,Kiel,https://www.geonames.org/2891122,,54.32133,10.13489,bestand
https://www.geonames.org/2660161,Kilchberg,https://www.geonames.org/2660161,,47.32438,8.54548,bestand
name:Kilchberg,Kilchberg,https://www.geonames.org/2660161,,47.32438,8.54548,bestand
https://d-nb.info/gnd/4097898-9,Kilchberg (Kanton Zürich),,https://d-nb.info/gnd/4097898-9,47.324444,8.545555,gnd
https://www.geonames.org/2887838,Kleutsch,https://www.geonames.org/2887838,https://d-nb.info/gnd/1196050821,51.79528,12.29656,geonames
https://d-nb.info/gnd/4031156-9,Kleve (Kreis Kleve),,https://d-nb.info/gnd/4031156-9,51.788055,6.138611,gnd
https://d-nb.info/gnd/2086861-3,Kloster Loccum,,https://d-nb.info/gnd/2086861-3,,,none
https://d-nb.info/gnd/4031410-8,Koblenz,,https://d-nb.info/gnd/4031410-8,50.353569,7.578839,gnd
https://www.geonames.org/3095795,Kolberg,https://www.geonames.org/3095795,,54.17565,15.58342,bestand
name:Kolberg,Kolberg,https://www.geonames.org/3095795,,54.17565,15.58342,bestand
https://d-nb.info/gnd/4645972-8,"Komarno (Hirschberg, Riesengebirge)",,https://d-nb.info/gnd/4645972-8,,,none
"name:Komarno (Hirschberg, Riesengebirge)","Komarno (Hirschberg, Riesengebirge)",,,,,none
https://www.geonames.org/2618468,Kongens Lyngby,https://www.geonames.org/2618468,,55.77044,12.50378,bestand
name:Kongens Lyngby,Kongens Lyngby,https://www.geonames.org/2618468,,55.77044,12.50378,bestand
https://d-nb.info/gnd/4032215-4,Konstanz,,https://d-nb.info/gnd/4032215-4,47.660277,9.175555,gnd
https://d-nb.info/gnd/4032399-7,Kopenhagen,,https://d-nb.info/gnd/4032399-7,55.675939,12.56553,bestand
name:Kopenhagen,Kopenhagen,,https://d-nb.info/gnd/4032399-7,55.675939,12.56553,bestand
https://d-nb.info/gnd/4032537-4,Kortrijk,,https://d-nb.info/gnd/4032537-4,50.828029,3.26487,gnd
https://d-nb.info/gnd/4032952-5,Krefeld,,https://d-nb.info/gnd/4032952-5,51.339166,6.586111,gnd
https://www.geonames.org/3094672,Krockow,https://www.geonames.org/3094672,,54.77921,18.1616,bestand
name:Krockow,Krockow,https://www.geonames.org/3094672,,54.77921,18.1616,bestand
https://d-nb.info/gnd/4658005-0,Krokowa,,https://d-nb.info/gnd/4658005-0,54.779209,18.161599,gnd
https://www.geonames.org/6557732,Kronberg im Taunus,https://www.geonames.org/6557732,,50.1789,8.5134,bestand
name:Kronberg im Taunus,Kronberg im Taunus,https://www.geonames.org/6557732,,50.1789,8.5134,bestand
name:Kuchendorf,Kuchendorf,,,,,none
https://d-nb.info/gnd/4725677-1,Kunitz,,https://d-nb.info/gnd/4725677-1,50.954689,11.636499,gnd
https://d-nb.info/gnd/4033801-0,Kurland,,https://d-nb.info/gnd/4033801-0,57.0,22.0,gnd
https://d-nb.info/gnd/4031483-2,Köln,,https://d-nb.info/gnd/4031483-2,50.933333,6.95,gnd
https://d-nb.info/gnd/4614155-8,Königliches Palais (Hannover),,https://d-nb.info/gnd/4614155-8,,,none
https://www.geonames.org/554234,Königsberg,https://www.geonames.org/554234,,54.70649,20.51095,bestand
name:Königsberg,Königsberg,https://www.geonames.org/554234,,54.70649,20.51095,bestand
https://d-nb.info/gnd/4312736-8,Königsbrück,,https://d-nb.info/gnd/4312736-8,51.26451,13.9054,gnd
https://www.geonames.org/2885760,Königstein im Taunus,https://www.geonames.org/2885760,,50.17943,8.47132,bestand
name:Königstein im Taunus,Königstein im Taunus,https://www.geonames.org/2885760,,50.17943,8.47132,bestand
https://d-nb.info/gnd/4098793-0,Küssnacht am Rigi,,https://d-nb.info/gnd/4098793-0,47.085555,8.441944,gnd
https://www.geonames.org/3095057,Küstrin,https://www.geonames.org/3095057,,52.58713,14.64953,geonames
https://d-nb.info/gnd/4033953-1,La Chaux-de-Fonds,,https://d-nb.info/gnd/4033953-1,,,none
https://www.geonames.org/2881646,Landau,https://www.geonames.org/2881646,,49.19844,8.11692,geonames
https://d-nb.info/gnd/4575413-5,Landrecies,,https://d-nb.info/gnd/4575413-5,,,none
https://www.geonames.org/3098722,Landsberg (Warthe),https://www.geonames.org/3098722,,52.73679,15.22878,bestand
name:Landsberg (Warthe),Landsberg (Warthe),https://www.geonames.org/3098722,,52.73679,15.22878,bestand
https://www.geonames.org/2881485,Landshut,https://www.geonames.org/2881485,https://d-nb.info/gnd/4034367-4,48.52961,12.16179,geonames
name:Langenfuhr,Langenfuhr,,,,,none
https://d-nb.info/gnd/4099030-8,"Langenhagen (Hannover, Region)",,https://d-nb.info/gnd/4099030-8,,,none
https://www.geonames.org/2880129,Laufen,https://www.geonames.org/2880129,,47.93568,12.92856,bestand
name:Laufen,Laufen,https://www.geonames.org/2880129,,47.93568,12.92856,bestand
https://d-nb.info/gnd/4074118-7,Leiden,,https://d-nb.info/gnd/4074118-7,52.158329,4.493059,bestand
name:Leiden,Leiden,,https://d-nb.info/gnd/4074118-7,52.158329,4.493059,bestand
https://www.geonames.org/2879139,Leipzig,https://www.geonames.org/2879139,,51.33962,12.37129,bestand
name:Leipzig,Leipzig,https://www.geonames.org/2879139,,51.33962,12.37129,bestand
https://www.geonames.org/2878747,Lentzke,https://www.geonames.org/2878747,,52.80136,12.70311,bestand
name:Lentzke,Lentzke,https://www.geonames.org/2878747,,52.80136,12.70311,bestand
name:Les Ormes,Les Ormes,,,46.9731023,0.6044473,manuell
https://www.geonames.org/2659917,Les Ponts-de-Martel,https://www.geonames.org/2659917,,46.99735,6.73059,geonames
https://d-nb.info/gnd/2146097-8,Liebstedt,,https://d-nb.info/gnd/2146097-8,51.05,11.4,gnd
https://d-nb.info/gnd/4035683-8,Liegnitz,,https://d-nb.info/gnd/4035683-8,51.210059,16.161899,gnd
https://d-nb.info/gnd/4114418-1,Lille,,https://d-nb.info/gnd/4114418-1,50.63297,3.05858,gnd
https://d-nb.info/gnd/5024087-0,Limmer (Hannover),,https://d-nb.info/gnd/5024087-0,52.375277,9.690555,gnd
https://d-nb.info/gnd/1054017239,Lincolnʼs Inn Fields (London),,https://d-nb.info/gnd/1054017239,,,none
https://d-nb.info/gnd/4099668-2,Linden (Hannover),,https://d-nb.info/gnd/4099668-2,,,none
https://d-nb.info/gnd/4035919-0,Lissabon,,https://d-nb.info/gnd/4035919-0,38.71667,-9.13333,gnd
https://d-nb.info/gnd/4099706-6,List (Landkreis Hannover),,https://d-nb.info/gnd/4099706-6,52.396129,9.745039,gnd
https://www.geonames.org/457850,Livland,https://www.geonames.org/457850,,58.0,26.0,bestand
name:Livland,Livland,https://www.geonames.org/457850,,58.0,26.0,bestand
https://d-nb.info/gnd/4036109-3,Loccum,,https://d-nb.info/gnd/4036109-3,52.45,9.15,gnd
https://d-nb.info/gnd/4074335-4,London,,https://d-nb.info/gnd/4074335-4,51.50853,-0.12574,bestand
name:London,London,,https://d-nb.info/gnd/4074335-4,51.50853,-0.12574,bestand
https://d-nb.info/gnd/4036313-2,Longwy,,https://d-nb.info/gnd/4036313-2,49.519359,5.768819,gnd
https://www.geonames.org/2875512,Lucka,https://www.geonames.org/2875512,,51.09727,12.33336,bestand
name:Lucka,Lucka,https://www.geonames.org/2875512,,51.09727,12.33336,bestand
https://d-nb.info/gnd/4595560-8,Lutter am Barenberge,,https://d-nb.info/gnd/4595560-8,51.989444,10.269166,gnd
https://d-nb.info/gnd/4036733-2,Luzern,,https://d-nb.info/gnd/4036733-2,47.050277,8.306111,gnd
https://d-nb.info/gnd/4036770-8,Lyon,,https://d-nb.info/gnd/4036770-8,45.74846,4.846709,gnd
https://d-nb.info/gnd/4036125-1,Löbau,,https://d-nb.info/gnd/4036125-1,51.99444,14.667222,gnd
https://www.geonames.org/2875601,Lübeck,https://www.geonames.org/2875601,,53.86893,10.68729,bestand
name:Lübeck,Lübeck,https://www.geonames.org/2875601,,53.86893,10.68729,bestand
https://d-nb.info/gnd/4036491-4,Lüchow (Wendland),,https://d-nb.info/gnd/4036491-4,52.968055,11.153888,gnd
https://d-nb.info/gnd/4036512-8,Lüneburg,,https://d-nb.info/gnd/4036512-8,53.250833,10.413888,gnd
https://d-nb.info/gnd/4036784-8,Maastricht,,https://d-nb.info/gnd/4036784-8,50.848329,5.688889,gnd
https://d-nb.info/gnd/4211415-9,Madras,,https://d-nb.info/gnd/4211415-9,13.087777,80.278333,bestand
name:Madras,Madras,,https://d-nb.info/gnd/4211415-9,13.087777,80.278333,bestand
https://d-nb.info/gnd/4036862-2,Madrid,,https://d-nb.info/gnd/4036862-2,40.416499,-3.70256,gnd
https://d-nb.info/gnd/4275930-4,Madura,,https://d-nb.info/gnd/4275930-4,,,none
https://d-nb.info/gnd/4036934-1,Magdeburg,,https://d-nb.info/gnd/4036934-1,52.1275,11.629166,gnd
https://d-nb.info/gnd/4037100-1,Mailand,,https://d-nb.info/gnd/4037100-1,45.464269,9.18951,gnd
https://www.geonames.org/2874225,Mainz,https://www.geonames.org/2874225,,49.98419,8.2791,bestand
name:Mainz,Mainz,https://www.geonames.org/2874225,,49.98419,8.2791,bestand
https://d-nb.info/gnd/4037372-1,Mannheim,,https://d-nb.info/gnd/4037372-1,49.488888,8.466944,gnd
https://www.geonames.org/2873759,Marburg,https://www.geonames.org/2873759,,50.80904,8.77069,bestand
name:Marburg,Marburg,https://www.geonames.org/2873759,,50.80904,8.77069,bestand
name:Marienburg (Malbork),Marienburg (Malbork),,,,,none
https://d-nb.info/gnd/4365819-2,Marly (Departement Moselle),,https://d-nb.info/gnd/4365819-2,,,none
https://d-nb.info/gnd/4115070-3,Megara,,https://d-nb.info/gnd/4115070-3,38.0,23.345559,gnd
https://d-nb.info/gnd/4038453-6,Meiningen,,https://d-nb.info/gnd/4038453-6,50.567869,10.41521,gnd
https://www.geonames.org/2872155,Meißen,https://www.geonames.org/2872155,,51.16158,13.4737,bestand
name:Meißen,Meißen,https://www.geonames.org/2872155,,51.16158,13.4737,bestand
https://www.geonames.org/2872100,Meldorf,https://www.geonames.org/2872100,,54.09182,9.0687,bestand
name:Meldorf,Meldorf,https://www.geonames.org/2872100,,54.09182,9.0687,bestand
https://d-nb.info/gnd/2084577-7,Mengeringhausen,,https://d-nb.info/gnd/2084577-7,51.366944,8.988333,gnd
https://www.geonames.org/2871736,Merseburg,https://www.geonames.org/2871736,https://d-nb.info/gnd/4038749-5,51.35478,11.98923,geonames
https://d-nb.info/gnd/4039029-9,Metz,,https://d-nb.info/gnd/4039029-9,49.119109,6.17269,gnd
https://d-nb.info/gnd/4074960-5,Montbéliard,,https://d-nb.info/gnd/4074960-5,,,none
https://d-nb.info/gnd/4040265-4,Moringen,,https://d-nb.info/gnd/4040265-4,51.699159,9.871069,bestand
name:Moringen,Moringen,,https://d-nb.info/gnd/4040265-4,51.699159,9.871069,bestand
https://d-nb.info/gnd/4291043-2,Muntelier,,https://d-nb.info/gnd/4291043-2,,,none
https://d-nb.info/gnd/4040777-9,Murrhardt,,https://d-nb.info/gnd/4040777-9,48.981666,9.570277,gnd
https://d-nb.info/gnd/4075105-3,Murten,,https://d-nb.info/gnd/4075105-3,46.928333,7.117222,gnd
https://d-nb.info/gnd/4040466-3,Mühlhausen/Thüringen,,https://d-nb.info/gnd/4040466-3,51.208888,10.452777,gnd
https://d-nb.info/gnd/4127793-4,München,,https://d-nb.info/gnd/4127793-4,48.137222,11.575277,gnd
https://www.geonames.org/2867545,Münster (Butzbach),https://www.geonames.org/2867545,,50.39046,8.61663,bestand
name:Münster (Butzbach),Münster (Butzbach),https://www.geonames.org/2867545,,50.39046,8.61663,bestand
https://d-nb.info/gnd/4075161-2,Naarden,,https://d-nb.info/gnd/4075161-2,52.29583,5.162499,gnd
https://d-nb.info/gnd/4117763-0,Namur,,https://d-nb.info/gnd/4117763-0,50.4669,4.86746,gnd
https://d-nb.info/gnd/4041445-0,Naumburg (Saale),,https://d-nb.info/gnd/4041445-0,51.149722,11.809722,gnd
https://d-nb.info/gnd/4041476-0,Neapel,,https://d-nb.info/gnd/4041476-0,40.833329,14.25,bestand
name:Neapel,Neapel,,https://d-nb.info/gnd/4041476-0,40.833329,14.25,bestand
https://www.geonames.org/2866523,Nennhausen,https://www.geonames.org/2866523,,52.6,12.5,bestand
name:Nennhausen,Nennhausen,https://www.geonames.org/2866523,,52.6,12.5,bestand
https://d-nb.info/gnd/4041702-5,Neu-Anspach,,https://d-nb.info/gnd/4041702-5,50.31667,8.5,gnd
https://www.geonames.org/2659496,Neuchâtel,https://www.geonames.org/2659496,,46.99179,6.931,bestand
name:Neuchâtel,Neuchâtel,https://www.geonames.org/2659496,,46.99179,6.931,bestand
https://d-nb.info/gnd/4075303-7,Neuenburg (Schweiz),,https://d-nb.info/gnd/4075303-7,46.991666,6.930833,bestand
name:Neuenburg (Schweiz),Neuenburg (Schweiz),,https://d-nb.info/gnd/4075303-7,46.991666,6.930833,bestand
https://www.geonames.org/2864491,Neumühlen,https://www.geonames.org/2864491,,53.54423,9.91533,bestand
name:Neumühlen,Neumühlen,https://www.geonames.org/2864491,,53.54423,9.91533,bestand
https://d-nb.info/gnd/040419088,Neuruppin,,https://d-nb.info/gnd/040419088,,,none
https://www.geonames.org/3090764,Neusalz,https://www.geonames.org/3090764,,51.80333,15.71702,geonames
https://www.geonames.org/2864005,Neustrelitz,https://www.geonames.org/2864005,,53.3613,13.07292,bestand
name:Neustrelitz,Neustrelitz,https://www.geonames.org/2864005,,53.3613,13.07292,bestand
https://d-nb.info/gnd/4041991-5,Neuwied,,https://d-nb.info/gnd/4041991-5,50.433599,7.47057,gnd
https://d-nb.info/gnd/4406126-2,Nidau,,https://d-nb.info/gnd/4406126-2,,,none
https://d-nb.info/gnd/4042268-9,Nienburg / Weser,,https://d-nb.info/gnd/4042268-9,52.646111,9.220833,gnd
https://www.geonames.org/2862460,Niesky,https://www.geonames.org/2862460,,51.29241,14.82107,bestand
name:Niesky,Niesky,https://www.geonames.org/2862460,,51.29241,14.82107,bestand
https://d-nb.info/gnd/4842581-3,Nigtevecht,,https://d-nb.info/gnd/4842581-3,,,none
https://www.geonames.org/3090967,Nimptsch,https://www.geonames.org/3090967,,50.72007,16.83573,bestand
name:Nimptsch,Nimptsch,https://www.geonames.org/3090967,,50.72007,16.83573,bestand
https://d-nb.info/gnd/4075410-8,Nimwegen,,https://d-nb.info/gnd/4075410-8,51.8425,5.85278,gnd
https://d-nb.info/gnd/4042532-0,Nordhausen,,https://d-nb.info/gnd/4042532-0,51.5018,10.7957,gnd
https://d-nb.info/gnd/4042636-1,Northeim,,https://d-nb.info/gnd/4042636-1,51.70662,9.99998,gnd
https://www.geonames.org/2861650,Nürnberg,https://www.geonames.org/2861650,,49.45421,11.07752,bestand
name:Nürnberg,Nürnberg,https://www.geonames.org/2861650,,49.45421,11.07752,bestand
https://d-nb.info/gnd/5127105-9,Oberlößnitz,,https://d-nb.info/gnd/5127105-9,51.103055,13.680833,gnd
https://www.geonames.org/2859119,Oberschöna,https://www.geonames.org/2859119,https://d-nb.info/gnd/4640712-1,50.89759,13.25379,geonames
https://d-nb.info/gnd/7620972-6,"Oberweimar (Weimar, Lahn)",,https://d-nb.info/gnd/7620972-6,50.756111,8.701111,bestand
"name:Oberweimar (Weimar, Lahn)","Oberweimar (Weimar, Lahn)",,https://d-nb.info/gnd/7620972-6,50.756111,8.701111,bestand
https://d-nb.info/gnd/4497256-8,Oberwinterthur,,https://d-nb.info/gnd/4497256-8,,,none
https://d-nb.info/gnd/123180-7,Oels,,https://d-nb.info/gnd/123180-7,51.213333,17.383888,gnd
https://www.geonames.org/2857807,Offenbach am Main,https://www.geonames.org/2857807,,50.10061,8.76647,bestand
name:Offenbach am Main,Offenbach am Main,https://www.geonames.org/2857807,,50.10061,8.76647,bestand
https://www.geonames.org/2857458,Oldenburg (Oldenburg),https://www.geonames.org/2857458,,53.14118,8.21467,bestand
name:Oldenburg (Oldenburg),Oldenburg (Oldenburg),https://www.geonames.org/2857458,,53.14118,8.21467,bestand
"name:Oldenhave (Ruinen, Drenthe)","Oldenhave (Ruinen, Drenthe)",,,,,none
https://d-nb.info/gnd/4075642-7,Oliva,,https://d-nb.info/gnd/4075642-7,54.407229,18.553629,gnd
https://d-nb.info/gnd/4043506-4,Olten,,https://d-nb.info/gnd/4043506-4,47.349722,7.903055,gnd
https://d-nb.info/gnd/4022687-6,Oosterduin (Haarlem),,https://d-nb.info/gnd/4022687-6,52.380833,4.636666,gnd
https://www.geonames.org/2857182,Oppach,https://www.geonames.org/2857182,,51.06667,14.5,bestand
name:Oppach,Oppach,https://www.geonames.org/2857182,,51.06667,14.5,bestand
https://d-nb.info/gnd/4043637-8,Oppenheim,,https://d-nb.info/gnd/4043637-8,49.8547,8.35974,gnd
https://d-nb.info/gnd/4043700-0,Oranienburg,,https://d-nb.info/gnd/4043700-0,52.755769,13.24197,gnd
https://d-nb.info/gnd/4104635-3,Oschatz,,https://d-nb.info/gnd/4104635-3,51.30001,13.10984,gnd
https://d-nb.info/gnd/4043974-4,Osnabrück,,https://d-nb.info/gnd/4043974-4,52.27264,8.049799,gnd
https://d-nb.info/gnd/4116835-5,Oudenaarde,,https://d-nb.info/gnd/4116835-5,50.85168,3.608909,gnd
https://d-nb.info/gnd/4044234-2,Oxford,,https://d-nb.info/gnd/4044234-2,51.75222,-1.255959,gnd
https://d-nb.info/gnd/4287794-5,Palazzo Barberini (Rom),,https://d-nb.info/gnd/4287794-5,,,none
name:Pangel,Pangel,,,,,none
https://www.geonames.org/2988507,Paris,https://www.geonames.org/2988507,,48.85341,2.3488,bestand
name:Paris,Paris,https://www.geonames.org/2988507,,48.85341,2.3488,bestand
https://d-nb.info/gnd/4128607-8,Paris-Auteuil,,https://d-nb.info/gnd/4128607-8,48.846944,2.263611,gnd
https://d-nb.info/gnd/4102878-8,Paris-Montmartre,,https://d-nb.info/gnd/4102878-8,,,none
name:Pasłęk,Pasłęk,,,,,none
https://d-nb.info/gnd/4044928-2,Pattensen,,https://d-nb.info/gnd/4044928-2,52.264444,9.764166,gnd
https://d-nb.info/gnd/4045022-3,Peine,,https://d-nb.info/gnd/4045022-3,52.319279,10.2352,gnd
https://www.geonames.org/11258605,Pempelfort,https://www.geonames.org/11258605,,51.23812,6.78678,bestand
name:Pempelfort,Pempelfort,https://www.geonames.org/11258605,,51.23812,6.78678,bestand
https://d-nb.info/gnd/4090357-6,Piercefield House (Chepstow),,https://d-nb.info/gnd/4090357-6,51.65788155,-2.683560899810743,bestand
name:Piercefield House (Chepstow),Piercefield House (Chepstow),,https://d-nb.info/gnd/4090357-6,51.65788155,-2.683560899810743,bestand
https://www.geonames.org/2853707,Pillnitz,https://www.geonames.org/2853707,,51.0073,13.87565,bestand
name:Pillnitz,Pillnitz,https://www.geonames.org/2853707,,51.0073,13.87565,bestand
https://www.geonames.org/2853658,Pinneberg,https://www.geonames.org/2853658,,53.66732,9.78936,bestand
name:Pinneberg,Pinneberg,https://www.geonames.org/2853658,,53.66732,9.78936,bestand
https://www.geonames.org/2853292,Plauen,https://www.geonames.org/2853292,,50.4973,12.13782,bestand
name:Plauen,Plauen,https://www.geonames.org/2853292,,50.4973,12.13782,bestand
https://www.geonames.org/3087705,Pless,https://www.geonames.org/3087705,,49.98037,18.95382,bestand
name:Pless,Pless,https://www.geonames.org/3087705,,49.98037,18.95382,bestand
name:Plugawice,Plugawice,,,51.4088317,18.1904259,bestand
https://www.geonames.org/2852458,Potsdam,https://www.geonames.org/2852458,,52.39886,13.06566,bestand
name:Potsdam,Potsdam,https://www.geonames.org/2852458,,52.39886,13.06566,bestand
https://d-nb.info/gnd/4076310-9,Prag,,https://d-nb.info/gnd/4076310-9,50.088039,14.420759,gnd
https://www.geonames.org/2852218,Prenzlau,https://www.geonames.org/2852218,,53.31625,13.86261,bestand
name:Prenzlau,Prenzlau,https://www.geonames.org/2852218,,53.31625,13.86261,bestand
https://d-nb.info/gnd/4048053-7,Querfurt,,https://d-nb.info/gnd/4048053-7,51.381239,11.600479,gnd
https://www.geonames.org/2851079,Radeberg,https://www.geonames.org/2851079,,51.11112,13.91199,geonames
https://www.geonames.org/2850648,Rammenau,https://www.geonames.org/2850648,,51.15,14.13333,bestand
https://www.geonames.org/2851719,Rammenau,https://www.geonames.org/2851719,,51.1832,14.01416,bestand
https://www.geonames.org/2850257,Rastatt,https://www.geonames.org/2850257,,48.85851,8.20965,bestand
name:Rastatt,Rastatt,https://www.geonames.org/2850257,,48.85851,8.20965,bestand
https://www.geonames.org/2850213,Rathenow,https://www.geonames.org/2850213,https://d-nb.info/gnd/4104905-6,52.60659,12.33696,geonames
https://www.geonames.org/2850132,Ratzeburg,https://www.geonames.org/2850132,https://d-nb.info/gnd/4048525-0,53.69965,10.77256,geonames
https://d-nb.info/gnd/5030826-9,Ravensberg (Borgholzhausen),,https://d-nb.info/gnd/5030826-9,52.082777,8.297222,gnd
https://d-nb.info/gnd/4116922-0,Reading,,https://d-nb.info/gnd/4116922-0,51.456249,-0.97113,gnd
https://d-nb.info/gnd/4785341-4,Rehburg,,https://d-nb.info/gnd/4785341-4,52.439444,9.216666,gnd
https://www.geonames.org/3084093,Reichenbach (Schlesien),https://www.geonames.org/3084093,,50.84378,16.48859,bestand
name:Reichenbach (Schlesien),Reichenbach (Schlesien),https://www.geonames.org/3084093,,50.84378,16.48859,bestand
https://d-nb.info/gnd/4103640-2,Reims,,https://d-nb.info/gnd/4103640-2,49.25,4.03333,gnd
https://d-nb.info/gnd/4049810-4,Rheinsberg,,https://d-nb.info/gnd/4049810-4,53.099719,12.898849,gnd
https://d-nb.info/gnd/7601883-0,Ribbesbüttel,,https://d-nb.info/gnd/7601883-0,52.43435,10.509969,gnd
https://www.geonames.org/456172,Riga,https://www.geonames.org/456172,,56.946,24.10589,bestand
name:Riga,Riga,https://www.geonames.org/456172,,56.946,24.10589,bestand
https://www.geonames.org/2846523,Rinteln,https://www.geonames.org/2846523,,52.18604,9.07917,bestand
name:Rinteln,Rinteln,https://www.geonames.org/2846523,,52.18604,9.07917,bestand
https://www.geonames.org/3169070,Rom,https://www.geonames.org/3169070,,41.89193,12.51133,bestand
name:Rom,Rom,https://www.geonames.org/3169070,,41.89193,12.51133,bestand
https://www.geonames.org/2845229,Ronneburg,https://www.geonames.org/2845229,,50.8634,12.18666,geonames
https://d-nb.info/gnd/4299958-3,Ronnenberg,,https://d-nb.info/gnd/4299958-3,52.319389,9.65544,gnd
https://d-nb.info/gnd/4050739-7,Rotterdam,,https://d-nb.info/gnd/4050739-7,51.922499,4.479169,gnd
https://d-nb.info/gnd/7732053-0,"Roßbach (Naumburg, Saale)",,https://d-nb.info/gnd/7732053-0,51.169722,11.777222,gnd
https://d-nb.info/gnd/4050796-8,Rudelsburg,,https://d-nb.info/gnd/4050796-8,51.108888,11.706666,gnd
https://www.geonames.org/2843355,Rudolstadt,https://www.geonames.org/2843355,,50.72043,11.34046,bestand
name:Rudolstadt,Rudolstadt,https://www.geonames.org/2843355,,50.72043,11.34046,bestand
https://d-nb.info/gnd/1086695372,Rümligen,,https://d-nb.info/gnd/1086695372,,,none
https://www.geonames.org/6551284,Saalfeld/Saale,https://www.geonames.org/6551284,,50.65165,11.37635,bestand
name:Saalfeld/Saale,Saalfeld/Saale,https://www.geonames.org/6551284,,50.65165,11.37635,bestand
https://www.geonames.org/2766824,Salzburg,https://www.geonames.org/2766824,,47.79941,13.04399,bestand
name:Salzburg,Salzburg,https://www.geonames.org/2766824,,47.79941,13.04399,bestand
https://d-nb.info/gnd/135729-3,Salzdahlum,,https://d-nb.info/gnd/135729-3,,,none
https://www.geonames.org/2658828,Sankt Gotthard (Pass),https://www.geonames.org/2658828,,46.55931,8.56116,geonames
https://d-nb.info/gnd/4267026-3,Sankt Petersburg,,https://d-nb.info/gnd/4267026-3,59.89444,30.26417,gnd
https://www.geonames.org/2658771,Sax,https://www.geonames.org/2658771,,47.23286,9.45768,bestand
name:Sax,Sax,https://www.geonames.org/2658771,,47.23286,9.45768,bestand
https://www.geonames.org/2658761,Schaffhausen,https://www.geonames.org/2658761,,47.69732,8.63493,bestand
name:Schaffhausen,Schaffhausen,https://www.geonames.org/2658761,,47.69732,8.63493,bestand
https://www.geonames.org/3085553,Schlobitten,https://www.geonames.org/3085553,,54.14351,19.78252,bestand
name:Schlobitten,Schlobitten,https://www.geonames.org/3085553,,54.14351,19.78252,bestand
https://www.geonames.org/3099333,Schlodien,https://www.geonames.org/3099333,,54.1562,19.92248,bestand
name:Schlodien,Schlodien,https://www.geonames.org/3099333,,54.1562,19.92248,bestand
name:Schloss Altenburg (Bayern),Schloss Altenburg (Bayern),,,,,none
https://d-nb.info/gnd/4687325-9,Schloss Herrenhausen (Hannover),,https://d-nb.info/gnd/4687325-9,,,none
https://d-nb.info/gnd/1161444971,Schloss Monbrillant (Hannover),,https://d-nb.info/gnd/1161444971,,,none
name:Schloss Rohrbach (Ilmtal-Weinstraße),Schloss Rohrbach (Ilmtal-Weinstraße),,,,,none
https://d-nb.info/gnd/4132604-0,Schloss Sanssouci (Potsdam),,https://d-nb.info/gnd/4132604-0,,,none
https://d-nb.info/gnd/4054133-2,Schloss Seehof (Memmelsdorf),,https://d-nb.info/gnd/4054133-2,,,none
https://d-nb.info/gnd/1147408807,Schloss Siebeneichen (Meißen),,https://d-nb.info/gnd/1147408807,51.14830595,13.480954012394594,bestand
name:Schloss Siebeneichen (Meißen),Schloss Siebeneichen (Meißen),,https://d-nb.info/gnd/1147408807,51.14830595,13.480954012394594,bestand
https://d-nb.info/gnd/4287460-9,Schlüsselburg,,https://d-nb.info/gnd/4287460-9,59.947299,31.03845,gnd
https://d-nb.info/gnd/4440968-0,Schmiedeberg (Sächsische Schweiz- Osterzgebirge),,https://d-nb.info/gnd/4440968-0,50.83644,13.67622,gnd
https://d-nb.info/gnd/2113072-3,Schnepfenthal,,https://d-nb.info/gnd/2113072-3,50.883333,10.566666,bestand
name:Schnepfenthal,Schnepfenthal,,https://d-nb.info/gnd/2113072-3,50.883333,10.566666,bestand
https://d-nb.info/gnd/1048249190,Schulpforte,,https://d-nb.info/gnd/1048249190,51.143611,11.7525,gnd
https://www.geonames.org/2835105,Schwarzburg,https://www.geonames.org/2835105,,50.64304,11.19189,bestand
name:Schwarzburg,Schwarzburg,https://www.geonames.org/2835105,,50.64304,11.19189,bestand
https://d-nb.info/gnd/4053863-1,Schweinfurt,,https://d-nb.info/gnd/4053863-1,50.04937,10.22175,gnd
https://www.geonames.org/2835481,Schwäbisch Hall,https://www.geonames.org/2835481,,49.11127,9.73908,bestand
name:Schwäbisch Hall,Schwäbisch Hall,https://www.geonames.org/2835481,,49.11127,9.73908,bestand
https://www.geonames.org/2836676,Schönewerda,https://www.geonames.org/2836676,,51.32353,11.36621,bestand
name:Schönewerda,Schönewerda,https://www.geonames.org/2836676,,51.32353,11.36621,bestand
https://www.geonames.org/6549545,Schönhausen (Elbe),https://www.geonames.org/6549545,,52.5833,12.0333,bestand
name:Schönhausen (Elbe),Schönhausen (Elbe),https://www.geonames.org/6549545,,52.5833,12.0333,bestand
https://d-nb.info/gnd/4077307-3,Seeland (Niederlande),,https://d-nb.info/gnd/4077307-3,51.41667,3.75,gnd
https://d-nb.info/gnd/4054193-9,Seesen,,https://d-nb.info/gnd/4054193-9,51.890959,10.17847,gnd
https://www.geonames.org/10629721,Siebeneichen bei Meißen,https://www.geonames.org/10629721,,51.1483,13.48132,bestand
name:Siebeneichen bei Meißen,Siebeneichen bei Meißen,https://www.geonames.org/10629721,,51.1483,13.48132,bestand
https://d-nb.info/gnd/4055458-2,Solothurn,,https://d-nb.info/gnd/4055458-2,47.207777,7.536944,gnd
https://d-nb.info/gnd/4139786-1,Spa,,https://d-nb.info/gnd/4139786-1,,,none
https://www.geonames.org/7290252,Spandau,https://www.geonames.org/7290252,https://d-nb.info/gnd/4105431-3,52.5511,13.19921,geonames
https://d-nb.info/gnd/4056054-5,Sparta,,https://d-nb.info/gnd/4056054-5,37.073329,22.429719,gnd
https://d-nb.info/gnd/4056179-3,Speyer,,https://d-nb.info/gnd/4056179-3,49.32083,8.43111,gnd
https://d-nb.info/gnd/4056709-6,Stade,,https://d-nb.info/gnd/4056709-6,53.59337,9.47629,gnd
https://www.geonames.org/2829765,Stadtilm,https://www.geonames.org/2829765,,50.77596,11.08262,bestand
name:Stadtilm,Stadtilm,https://www.geonames.org/2829765,,50.77596,11.08262,bestand
https://www.geonames.org/3087662,Steinau (Nimptsch),https://www.geonames.org/3087662,,50.90444,16.88032,geonames
https://d-nb.info/gnd/2084741-5,"Steinau, Oder",,https://d-nb.info/gnd/2084741-5,51.4091111,16.4218147,bestand
"name:Steinau, Oder","Steinau, Oder",,https://d-nb.info/gnd/2084741-5,51.4091111,16.4218147,bestand
https://www.geonames.org/3083829,Stettin,https://www.geonames.org/3083829,,53.42894,14.55302,bestand
name:Stettin,Stettin,https://www.geonames.org/3083829,,53.42894,14.55302,bestand
https://d-nb.info/gnd/4057648-6,Stockholm,,https://d-nb.info/gnd/4057648-6,59.33258,18.0649,gnd
https://www.geonames.org/3085450,Stolp,https://www.geonames.org/3085450,,54.46405,17.02872,bestand
name:Stolp,Stolp,https://www.geonames.org/3085450,,54.46405,17.02872,bestand
https://d-nb.info/gnd/7517555-1,Stolpe (Ostvorpommern),,https://d-nb.info/gnd/7517555-1,53.872222,13.560555,gnd
https://www.geonames.org/2826532,Stolpen,https://www.geonames.org/2826532,,51.04901,14.07943,bestand
name:Stolpen,Stolpen,https://www.geonames.org/2826532,,51.04901,14.07943,bestand
https://d-nb.info/gnd/4227295-6,Stolzenau,,https://d-nb.info/gnd/4227295-6,52.516669,9.06667,gnd
https://www.geonames.org/2826287,Stralsund,https://www.geonames.org/2826287,,54.30911,13.0818,bestand
name:Stralsund,Stralsund,https://www.geonames.org/2826287,,54.30911,13.0818,bestand
https://d-nb.info/gnd/4057878-1,Straßburg,,https://d-nb.info/gnd/4057878-1,48.583888,7.745277,bestand
name:Straßburg,Straßburg,,https://d-nb.info/gnd/4057878-1,48.583888,7.745277,bestand
https://www.geonames.org/2825922,Strelitz,https://www.geonames.org/2825922,,53.33235,13.09548,bestand
name:Strelitz,Strelitz,https://www.geonames.org/2825922,,53.33235,13.09548,bestand
https://www.geonames.org/2825297,Stuttgart,https://www.geonames.org/2825297,,48.78232,9.17702,bestand
name:Stuttgart,Stuttgart,https://www.geonames.org/2825297,,48.78232,9.17702,bestand
https://d-nb.info/gnd/4118778-7,Stäfa,,https://d-nb.info/gnd/4118778-7,47.2425,8.723333,gnd
https://d-nb.info/gnd/4058664-9,Surinam,,https://d-nb.info/gnd/4058664-9,4.0,-56.0,gnd
https://d-nb.info/gnd/4106461-6,Syke,,https://d-nb.info/gnd/4106461-6,52.913449,8.822089,gnd
https://www.geonames.org/557710,Tapiau,https://www.geonames.org/557710,,54.64772,21.06513,bestand
name:Tapiau,Tapiau,https://www.geonames.org/557710,,54.64772,21.06513,bestand
https://d-nb.info/gnd/4078155-0,Tarent,,https://d-nb.info/gnd/4078155-0,40.476109,17.22972,gnd
https://d-nb.info/gnd/4302686-2,Tautenburg,,https://d-nb.info/gnd/4302686-2,51.0,11.71667,gnd
name:Tczew,Tczew,,,,,none
https://d-nb.info/gnd/4059408-7,Teltow,,https://d-nb.info/gnd/4059408-7,52.4031,13.260139,gnd
https://www.geonames.org/2953325,Tennstedt,https://www.geonames.org/2953325,,51.15447,10.83873,bestand
name:Tennstedt,Tennstedt,https://www.geonames.org/2953325,,51.15447,10.83873,bestand
https://www.geonames.org/3064288,Teplitz,https://www.geonames.org/3064288,,50.6404,13.82451,bestand
name:Teplitz,Teplitz,https://www.geonames.org/3064288,,50.6404,13.82451,bestand
https://d-nb.info/gnd/4106202-4,Texel,,https://d-nb.info/gnd/4106202-4,,,none
https://d-nb.info/gnd/4106217-6,Tharandt,,https://d-nb.info/gnd/4106217-6,50.98525,13.580349,bestand
name:Tharandt,Tharandt,,https://d-nb.info/gnd/4106217-6,50.98525,13.580349,bestand
https://d-nb.info/gnd/4078237-2,Theben (Böotien),,https://d-nb.info/gnd/4078237-2,38.325,23.318889,gnd
name:Tolksdorf,Tolksdorf,,,,,none
https://d-nb.info/gnd/2024611-0,Toruń,,https://d-nb.info/gnd/2024611-0,53.01375,18.59814,gnd
https://www.geonames.org/2821656,Trages,https://www.geonames.org/2821656,,50.12177,9.08969,bestand
name:Trages,Trages,https://www.geonames.org/2821656,,50.12177,9.08969,bestand
https://www.geonames.org/2821342,Tremsbüttel,https://www.geonames.org/2821342,,53.74384,10.31024,bestand
name:Tremsbüttel,Tremsbüttel,https://www.geonames.org/2821342,,53.74384,10.31024,bestand
https://d-nb.info/gnd/4078411-3,Triest,,https://d-nb.info/gnd/4078411-3,45.648609,13.779999,gnd
https://d-nb.info/gnd/4060974-1,Troja,,https://d-nb.info/gnd/4060974-1,39.957222,26.238888,gnd
https://www.geonames.org/2820693,Tuttlingen,https://www.geonames.org/2820693,,47.98464,8.8177,bestand
name:Tuttlingen,Tuttlingen,https://www.geonames.org/2820693,,47.98464,8.8177,bestand
https://www.geonames.org/2820860,Tübingen,https://www.geonames.org/2820860,,48.52266,9.05222,bestand
name:Tübingen,Tübingen,https://www.geonames.org/2820860,,48.52266,9.05222,bestand
https://www.geonames.org/2884509,Uerdingen,https://www.geonames.org/2884509,,51.33645,6.55381,bestand
name:Uerdingen,Uerdingen,https://www.geonames.org/2884509,,51.33645,6.55381,bestand
https://www.geonames.org/2820314,Uhyst,https://www.geonames.org/2820314,,51.36469,14.506,geonames
https://d-nb.info/gnd/4061529-7,Ulm,,https://d-nb.info/gnd/4061529-7,48.398409,9.99155,gnd
https://d-nb.info/gnd/4062222-8,Utrecht,,https://d-nb.info/gnd/4062222-8,52.090829,5.12222,gnd
https://d-nb.info/gnd/4062337-3,Varanasi (Benares),,https://d-nb.info/gnd/4062337-3,25.31668,83.010419,gnd
https://d-nb.info/gnd/4062404-3,Vatikanstadt,,https://d-nb.info/gnd/4062404-3,41.90225,12.4533,gnd
https://d-nb.info/gnd/4663895-7,Vaumarcus,,https://d-nb.info/gnd/4663895-7,46.8772258,6.7525002,bestand
name:Vaumarcus,Vaumarcus,,https://d-nb.info/gnd/4663895-7,46.8772258,6.7525002,bestand
https://d-nb.info/gnd/4062501-1,Venedig,,https://d-nb.info/gnd/4062501-1,45.438609,12.32667,gnd
https://d-nb.info/gnd/4062709-3,Verdun,,https://d-nb.info/gnd/4062709-3,,,none
https://www.geonames.org/2969679,Versailles,https://www.geonames.org/2969679,,48.80359,2.13424,bestand
name:Versailles,Versailles,https://www.geonames.org/2969679,,48.80359,2.13424,bestand
https://www.geonames.org/2969284,Vienne,https://www.geonames.org/2969284,,45.52569,4.87484,geonames
https://d-nb.info/gnd/4063499-1,Vierlande,,https://d-nb.info/gnd/4063499-1,,,none
https://d-nb.info/gnd/4613436-0,"Vreeland (Loenen, Stichtse Vecht)",,https://d-nb.info/gnd/4613436-0,,,none
https://d-nb.info/gnd/4398231-1,Walenstadt,,https://d-nb.info/gnd/4398231-1,47.124166,9.311944,gnd
https://www.geonames.org/756135,Warschau,https://www.geonames.org/756135,,52.22977,21.01178,bestand
name:Warschau,Warschau,https://www.geonames.org/756135,,52.22977,21.01178,bestand
https://d-nb.info/gnd/4122665-3,Wartburg,,https://d-nb.info/gnd/4122665-3,50.966111,10.306388,gnd
https://www.geonames.org/2812482,Weimar,https://www.geonames.org/2812482,,50.9803,11.32903,bestand
name:Weimar,Weimar,https://www.geonames.org/2812482,,50.9803,11.32903,bestand
https://www.geonames.org/2811899,Weißenfels,https://www.geonames.org/2811899,,51.20148,11.96843,bestand
name:Weißenfels,Weißenfels,https://www.geonames.org/2811899,,51.20148,11.96843,bestand
https://d-nb.info/gnd/126317-1,Wenigenjena,,https://d-nb.info/gnd/126317-1,50.932222,11.599722,gnd
https://www.geonames.org/2810848,Wermsdorf,https://www.geonames.org/2810848,https://d-nb.info/gnd/4240879-9,51.28333,12.95,geonames
https://d-nb.info/gnd/4065697-4,Wesel,,https://d-nb.info/gnd/4065697-4,51.666899,6.62037,gnd
https://d-nb.info/gnd/4065878-8,Wetzlar,,https://d-nb.info/gnd/4065878-8,50.56109,8.504949,gnd
https://www.geonames.org/2809567,Wiederstedt,https://www.geonames.org/2809567,,51.66526,11.52723,bestand
name:Wiederstedt,Wiederstedt,https://www.geonames.org/2809567,,51.66526,11.52723,bestand
https://www.geonames.org/2809509,Wiek,https://www.geonames.org/2809509,,54.62,13.28914,bestand
name:Wiek,Wiek,https://www.geonames.org/2809509,,54.62,13.28914,bestand
https://d-nb.info/gnd/4066009-6,Wien,,https://d-nb.info/gnd/4066009-6,48.208199,16.37169,bestand
name:Wien,Wien,,https://d-nb.info/gnd/4066009-6,48.208199,16.37169,bestand
https://d-nb.info/gnd/4066038-2,Wienhausen,,https://d-nb.info/gnd/4066038-2,52.58021,10.18862,gnd
https://d-nb.info/gnd/4659464-4,"Wilhelmsburg, Elbe",,https://d-nb.info/gnd/4659464-4,53.506689,9.987149,gnd
https://d-nb.info/gnd/4066337-1,Winterthur,,https://d-nb.info/gnd/4066337-1,47.505555,8.723888,gnd
https://www.geonames.org/7303020,Wittenberg,https://www.geonames.org/7303020,,51.8661,12.64973,bestand
name:Wittenberg,Wittenberg,https://www.geonames.org/7303020,,51.8661,12.64973,bestand
https://www.geonames.org/2807033,Wohlsborn,https://www.geonames.org/2807033,,51.03333,11.36667,bestand
name:Wohlsborn,Wohlsborn,https://www.geonames.org/2807033,,51.03333,11.36667,bestand
https://d-nb.info/gnd/2026423-9,Wolfenbüttel,,https://d-nb.info/gnd/2026423-9,52.164419,10.54095,bestand
name:Wolfenbüttel,Wolfenbüttel,,https://d-nb.info/gnd/2026423-9,52.164419,10.54095,bestand
https://d-nb.info/gnd/4066930-0,Worbis,,https://d-nb.info/gnd/4066930-0,51.419969,10.3633,gnd
https://d-nb.info/gnd/4066942-7,Worms,,https://d-nb.info/gnd/4066942-7,49.632779,8.359159,gnd
https://d-nb.info/gnd/4067081-8,Wunstorf,,https://d-nb.info/gnd/4067081-8,52.42376,9.43585,gnd
https://d-nb.info/gnd/4119187-0,Wurzen,,https://d-nb.info/gnd/4119187-0,51.370699,12.73938,gnd
https://d-nb.info/gnd/4374548-9,Wustermark,,https://d-nb.info/gnd/4374548-9,52.549999,12.949999,gnd
https://d-nb.info/gnd/4066719-4,Wörlitz,,https://d-nb.info/gnd/4066719-4,51.84172,12.42116,gnd
https://www.geonames.org/2805615,Würzburg,https://www.geonames.org/2805615,,49.79391,9.95121,bestand
name:Würzburg,Würzburg,https://www.geonames.org/2805615,,49.79391,9.95121,bestand
https://d-nb.info/gnd/4258495-4,Zaandam,,https://d-nb.info/gnd/4258495-4,52.43854,4.82643,gnd
https://d-nb.info/gnd/4067525-7,Zeitz,,https://d-nb.info/gnd/4067525-7,51.049619,12.1369,gnd
https://d-nb.info/gnd/4079481-7,Zellerfeld,,https://d-nb.info/gnd/4079481-7,51.818333,10.335277,gnd
https://d-nb.info/gnd/4067663-8,Zerbst/Anhalt,,https://d-nb.info/gnd/4067663-8,51.966111,12.085277,gnd
https://d-nb.info/gnd/5082991-9,Ziebingen,,https://d-nb.info/gnd/5082991-9,52.1940293,14.7968841,bestand
name:Ziebingen,Ziebingen,,https://d-nb.info/gnd/5082991-9,52.1940293,14.7968841,bestand
https://www.geonames.org/2804227,Zillbach (Schwallungen),https://www.geonames.org/2804227,https://d-nb.info/gnd/4119243-6,50.70574,10.29759,geonames
https://d-nb.info/gnd/4068199-3,Zweibrücken,,https://d-nb.info/gnd/4068199-3,49.246666,7.369722,gnd
https://d-nb.info/gnd/4119274-6,Zwolle,,https://d-nb.info/gnd/4119274-6,52.5125,6.094439,bestand
name:Zwolle,Zwolle,,https://d-nb.info/gnd/4119274-6,52.5125,6.094439,bestand
https://d-nb.info/gnd/4119257-6,Züllichau,,https://d-nb.info/gnd/4119257-6,52.08362,15.62513,gnd
https://www.geonames.org/2657896,Zürich,https://www.geonames.org/2657896,,47.36667,8.55,bestand
name:Zürich,Zürich,https://www.geonames.org/2657896,,47.36667,8.55,bestand
https://d-nb.info/gnd/16100627-9,’s-Graveland,,https://d-nb.info/gnd/16100627-9,,,none
